,city,2018.05.01.,2018.05.02.,2018.05.03.,2018.05.04.,2018.05.05.,2018.05.06.,2018.05.07.,2018.05.08.,2018.05.09.,2018.05.10.,2018.05.11.,2018.05.12.,2018.05.13.,2018.05.14.,2018.05.15.,2018.05.16.,2018.05.17.,2018.05.18.,2018.05.19.,2018.05.20.,2018.05.21.,2018.05.22.,2018.05.23.,2018.05.24.,2018.05.25.,2018.05.26.,2018.05.27.,2018.05.28.,2018.05.29.,2018.05.30.,2018.05.31.,2018.06.04.,2018.06.05.,2018.06.06.,2018.06.07.,2018.06.08.,2018.06.09.,2018.06.10.,2018.06.11.,2018.06.16.,2018.06.19.,2018.06.24.,2018.06.25.,2018.06.26.,2018.06.27.,2018.07.01.,2018.07.03.,2018.07.05.,2018.07.07.,2018.07.08.,2018.07.13.,2018.07.14.,2018.07.17.,2018.07.19.,2018.07.21.,2018.07.22.,2018.07.24.,2018.07.25.,2018.07.27.,2018.07.28.,2018.07.30.,2018.08.02.,2018.08.04.,2018.08.05.,2018.08.07.,2018.08.08.,2018.08.11.,2018.08.13.,2018.08.14.,2018.08.16.,2018.08.17.,2018.08.19.,2018.08.21.,2018.08.22.,2018.08.23.,2018.08.24.,2018.08.26.,2018.08.27.,2018.08.28.,2018.08.29.,2018.08.30.,2018.08.31.,2018.09.01.,2018.09.02.,2018.09.03.,2018.09.04.,2018.09.05.,2018.09.06.,2018.09.07.,2018.09.08.,2018.09.09.,2018.09.10.,2018.09.11.,2018.09.12.,2018.09.13.,2018.09.14.,2018.09.15.,2018.09.16.,2018.09.17.,2018.09.18.,2018.09.19.,2018.09.20.,2018.09.21.,2018.09.22.,2018.09.23.,2018.09.24.,2018.09.25.,2018.09.26.,2018.09.27.,2018.09.28.,2018.09.29.,2018.09.30.,2018.10.01.,2018.10.02.,2018.10.03.,2018.10.04.,2018.10.05.,2018.10.06.,2018.10.07.,2018.10.08.,2018.10.09.,2018.10.10.,2018.10.11.,2018.10.12.,2018.10.13.,2018.10.14.,2018.10.15.,2018.10.16.,2018.10.17.,2018.10.18.,2018.10.19.,2018.10.20.,2018.10.21.,2018.10.22.,2018.10.23.,2018.10.24.,2018.10.25.,2018.10.26.,2018.10.27.,2018.10.28.,2018.10.29.,2018.10.30.,2018.10.31.,2018.11.01.,2018.11.02.,2018.11.03.,2018.11.04.,2018.11.05.,2018.11.06.,2018.11.07.,2018.11.08.,2018.11.09.,2018.11.10.,2018.11.11.,2018.11.12.,2018.11.13.,2018.11.14.,2018.11.15.,2018.11.16.,2018.11.17.,2018.11.18.,2018.11.19.,2018.11.20.,2018.11.21.,2018.11.22.,2018.11.23.,2018.11.24.,2018.11.25.,2018.11.26.,2018.11.27.,2018.11.28.,2018.11.29.,2018.11.30.,2018.12.01.,2018.12.02.,2018.12.03.,2018.12.04.,2018.12.05.,2018.12.06.,2018.12.07.,2018.12.08.,2018.12.09.,2018.12.10.,2018.12.11.,2018.12.12.,2018.12.13.,2018.12.14.,2018.12.15.,2018.12.16.,2018.12.17.,2018.12.18.,2018.12.19.,2018.12.20.,2018.12.21.,2018.12.22.,2018.12.23.,2018.12.24.,2018.12.25.,2018.12.26.,2018.12.27.,2018.12.28.,2018.12.29.,2018.12.30.,2018.12.31.,2019.01.01.,2019.01.02.,2019.01.03.,2019.01.04.,2019.01.05.,2019.01.06.,2019.01.07.,2019.01.08.,2019.01.09.,2019.01.10.,2019.01.11.,2019.01.12.,2019.01.13.,2019.01.14.,2019.01.15.,2019.01.16.,2019.01.17.,2019.01.18.,2019.01.19.,2019.01.20.,2019.01.21.,2019.01.22.,2019.01.23.,2019.01.24.,2019.01.25.,2019.01.26.,2019.01.27.,2019.01.28.,2019.01.29.,2019.01.30.,2019.01.31.,2019.02.01.,2019.02.02.,2019.02.03.,2019.02.04.,2019.02.05.,2019.02.06.,2019.02.07.,2019.02.08.,2019.02.09.,2019.02.10.,2019.02.11.,2019.02.12.,2019.02.13.,2019.02.14.,2019.02.15.,2019.02.16.,2019.02.17.,2019.02.18.,2019.02.19.,2019.02.20.,2019.02.21.,2019.02.22.,2019.02.23.,2019.02.24.,2019.02.25.,2019.02.26.,2019.02.27.,2019.02.28.,2019.03.01.,2019.03.02.,2019.03.03.,2019.03.04.,2019.03.05.,2019.03.06.,2019.03.07.,2019.03.08.,2019.03.09.,2019.03.10.,2019.03.11.,2019.03.12.,2019.03.13.,2019.03.14.,2019.03.15.,2019.03.16.,2019.03.17.,2019.03.18.,2019.03.19.,2019.03.20.,2019.03.21.,2019.03.22.,2019.03.23.,2019.03.24.,2019.03.25.,2019.03.26.,2019.03.27.,2019.03.28.,2019.03.29.,2019.03.30.,2019.03.31.,2019.04.01.,2019.04.02.,2019.04.03.,2019.04.04.,2019.04.05.,2019.04.06.,2019.04.07.,2019.04.08.,2019.04.09.,2019.04.10.,2019.04.11.,2019.04.12.,2019.04.13.,2019.04.14.,2019.04.15.,2019.04.16.,2019.04.17.,2019.04.18.,2019.04.19.,2019.04.20.,2019.04.21.,2019.04.22.,2019.04.23.,2019.04.24.,2019.04.25.,2019.04.26.,2019.04.27.,2019.04.28.,2019.04.29.,2019.04.30.,2019.05.01.,2019.05.02.,2019.05.03.,2019.05.04.,2019.05.05.,2019.05.06.,2019.05.07.,2019.05.08.,2019.05.09.,2019.05.10.,2019.05.11.,2019.05.12.,2019.05.13.,2019.05.14.,2019.05.15.,2019.05.16.,2019.05.17.,2019.05.18.,2019.05.19.,2019.05.20.,2019.05.21.,2019.05.22.,2019.05.23.,2019.05.24.,2019.05.25.,2019.05.26.,2019.05.27.,2019.05.28.,2019.05.29.,2019.05.30.,2019.05.31.,2019.06.01.,2019.06.02.,2019.06.03.,2019.06.04.,2019.06.05.,2019.06.06.,2019.06.07.,2019.06.08.,2019.06.09.,2019.06.10.,2019.06.11.,2019.06.12.,2019.06.13.,2019.06.14.,2019.06.15.,2019.06.16.,2019.06.17.,2019.06.18.,2019.06.19.,2019.06.20.,2019.06.21.,2019.06.22.,2019.06.23.,2019.06.24.,2019.06.25.,2019.06.26.,2019.06.27.,2019.06.28.,2019.06.29.,2019.06.30.,2019.07.01.,2019.07.02.,2019.07.03.,2019.07.04.,2019.07.05.,2019.07.06.,2019.07.07.,2019.07.08.,2019.07.09.,2019.07.10.,2019.07.11.,2019.07.12.,2019.07.13.,2019.07.14.,2019.07.15.,2019.07.16.,2019.07.17.,2019.07.18.,2019.07.19.,2019.07.20.,2019.07.21.,2019.07.22.,2019.07.23.,2019.07.24.,2019.07.25.,2019.07.26.,2019.07.27.,2019.07.28.,2019.07.29.,2019.07.30.,2019.07.31.,2019.08.01.,2019.08.02.,2019.08.03.,2019.08.04.,2019.08.05.,2019.08.06.,2019.08.07.,2019.08.08.,2019.08.09.,2019.08.10.,2019.08.11.,2019.08.12.,2019.08.13.,2019.08.14.,2019.08.15.,2019.08.16.,2019.08.17.,2019.08.18.,2019.08.19.,2019.08.20.,2019.08.21.,2019.08.22.,2019.08.23.,2019.08.24.,2019.08.25.,2019.08.26.,2019.08.27.,2019.08.28.,2019.08.29.,2019.08.30.,2019.08.31.,2019.09.01.,2019.09.02.,2019.09.03.,2019.09.04.,2019.09.05.,2019.09.06.,2019.09.07.,2019.09.08.,2019.09.09.,2019.09.10.,2019.09.11.,2019.09.12.,2019.09.13.,2019.09.14.,2019.09.15.,2019.09.16.,2019.09.17.,2019.09.18.,2019.09.19.,2019.09.20.,2019.09.21.,2019.09.22.,2019.09.23.,2019.09.24.,2019.09.25.,2019.09.26.,2019.09.27.,2019.09.28.,2019.09.29.,2019.09.30.,2019.10.01.,2019.10.02.,2019.10.03.,2019.10.04.,2019.10.05.,2019.10.06.,2019.10.07.,2019.10.08.,2019.10.09.,2019.10.10.,2019.10.11.,2019.10.12.,2019.10.13.,2019.10.14.,2019.10.15.,2019.10.16.,2019.10.17.,2019.10.18.,2019.10.19.,2019.10.20.,2019.10.21.,2019.10.22.,2019.10.23.,2019.10.24.,2019.10.25.,2019.10.26.,2019.10.27.,2019.10.28.,2019.10.29.,2019.10.30.,2019.10.31.,2019.11.01.,2019.11.02.,2019.11.03.,2019.11.04.,2019.11.05.,2019.11.06.,2019.11.07.,2019.11.08.,2019.11.09.,2019.11.10.,2019.11.11.,2019.11.12.,2019.11.13.,2019.11.14.,2019.11.15.,2019.11.16.,2019.11.17.,2019.11.18.,2019.11.19.,2019.11.20.,2019.11.21.,2019.11.22.,2019.11.23.,2019.11.24.,2019.11.25.,2019.11.26.,2019.11.27.,2019.11.28.,2019.11.29.,2019.11.30.,2019.12.01.,2019.12.02.,2019.12.03.,2019.12.04.,2019.12.05.,2019.12.06.,2019.12.07.,2019.12.08.,2019.12.09.,2019.12.10.,2019.12.11.,2019.12.12.,2019.12.13.,2019.12.14.,2019.12.15.,2019.12.16.,2019.12.17.,2019.12.18.,2019.12.19.,2019.12.20.,2019.12.21.,2019.12.22.,2019.12.23.,2019.12.24.,2019.12.25.,2019.12.26.,2019.12.27.,2019.12.28.,2019.12.29.,2019.12.30.,2019.12.31.,2020.01.01.,2020.01.02.,2020.01.03.,2020.01.04.,2020.01.05.,2020.01.06.,2020.01.07.,2020.01.08.,2020.01.09.,2020.01.10.,2020.01.11.,2020.01.12.,2020.01.13.,2020.01.14.,2020.01.15.,2020.01.16.,2020.01.17.,2020.01.18.,2020.01.19.,2020.01.20.,2020.01.21.,2020.01.22.,2020.01.23.,2020.01.24.,2020.01.25.,2020.01.26.,2020.01.27.,2020.01.28.,2020.01.29.,2020.01.30.,2020.01.31.,2020.02.01.,2020.02.02.,2020.02.03.,2020.02.04.,2020.02.05.,2020.02.06.,2020.02.07.,2020.02.08.,2020.02.09.,2020.02.10.,2020.02.11.,2020.02.12.,2020.02.13.,2020.02.14.,2020.02.15.,2020.02.16.,2020.02.17.,2020.02.18.,2020.02.19.,2020.02.20.,2020.02.21.,2020.02.22.,2020.02.23.,2020.02.24.,2020.02.25.,2020.02.26.,2020.02.27.,2020.02.28.,2020.02.29.,2020.03.01.,2020.03.02.,2020.03.03.,2020.03.04.,2020.03.05.,2020.03.06.,2020.03.07.,2020.03.08.,2020.03.09.,2020.03.10.,2020.03.11.,2020.03.12.,2020.03.13.,2020.03.14.,2020.03.15.,2020.03.16.,2020.03.17.,2020.03.18.,2020.03.19.,2020.03.20.,2020.03.21.,2020.03.22.,2020.03.23.,2020.03.24.,2020.03.25.,2020.03.26.,2020.03.27.,2020.03.28.,2020.03.29.,2020.03.30.,2020.03.31.,2020.04.01.,2020.04.02.,2020.04.03.,2020.04.04.,2020.04.05.,2020.04.06.,2020.04.07.,2020.04.08.,2020.04.09.,2020.04.10.,2020.04.11.,2020.04.12.,2020.04.13.,2020.04.14.,2020.04.15.,2020.04.16.,2020.04.17.,2020.04.18.,2020.04.19.,2020.04.20.,2020.04.21.,2020.04.22.,2020.04.23.,2020.04.24.,2020.04.25.,2020.04.26.,2020.04.27.,2020.04.28.,2020.04.29.,2020.04.30.,2020.05.01.,2020.05.02.,2020.05.03.,2020.05.04.,2020.05.05.,2020.05.06.,2020.05.07.,2020.05.08.,2020.05.09.,2020.05.10.,2020.05.11.,2020.05.12.,2020.05.13.,2020.05.14.,2020.05.15.,2020.05.16.,2020.05.17.
year,延边,2018,2018,2018,2018,2018,2018,2018,2018,2018,2018,2018,2018,2018,2018,2018,2018,2018,2018,2018,2018,2018,2018,2018,2018,2018,2018,2018,2018,2018,2018,2018,2018,2018,2018,2018,2018,2018,2018,2018,2018,2018,2018,2018,2018,2018,2018,2018,2018,2018,2018,2018,2018,2018,2018,2018,2018,2018,2018,2018,2018,2018,2018,2018,2018,2018,2018,2018,2018,2018,2018,2018,2018,2018,2018,2018,2018,2018,2018,2018,2018,2018,2018,2018,2018,2018,2018,2018,2018,2018,2018,2018,2018,2018,2018,2018,2018,2018,2018,2018,2018,2018,2018,2018,2018,2018,2018,2018,2018,2018,2018,2018,2018,2018,2018,2018,2018,2018,2018,2018,2018,2018,2018,2018,2018,2018,2018,2018,2018,2018,2018,2018,2018,2018,2018,2018,2018,2018,2018,2018,2018,2018,2018,2018,2018,2018,2018,2018,2018,2018,2018,2018,2018,2018,2018,2018,2018,2018,2018,2018,2018,2018,2018,2018,2018,2018,2018,2018,2018,2018,2018,2018,2018,2018,2018,2018,2018,2018,2018,2018,2018,2018,2018,2018,2018,2018,2018,2018,2018,2018,2018,2018,2018,2018,2018,2018,2018,2018,2018,2018,2018,2018,2018,2018,2018,2019,2019,2019,2019,2019,2019,2019,2019,2019,2019,2019,2019,2019,2019,2019,2019,2019,2019,2019,2019,2019,2019,2019,2019,2019,2019,2019,2019,2019,2019,2019,2019,2019,2019,2019,2019,2019,2019,2019,2019,2019,2019,2019,2019,2019,2019,2019,2019,2019,2019,2019,2019,2019,2019,2019,2019,2019,2019,2019,2019,2019,2019,2019,2019,2019,2019,2019,2019,2019,2019,2019,2019,2019,2019,2019,2019,2019,2019,2019,2019,2019,2019,2019,2019,2019,2019,2019,2019,2019,2019,2019,2019,2019,2019,2019,2019,2019,2019,2019,2019,2019,2019,2019,2019,2019,2019,2019,2019,2019,2019,2019,2019,2019,2019,2019,2019,2019,2019,2019,2019,2019,2019,2019,2019,2019,2019,2019,2019,2019,2019,2019,2019,2019,2019,2019,2019,2019,2019,2019,2019,2019,2019,2019,2019,2019,2019,2019,2019,2019,2019,2019,2019,2019,2019,2019,2019,2019,2019,2019,2019,2019,2019,2019,2019,2019,2019,2019,2019,2019,2019,2019,2019,2019,2019,2019,2019,2019,2019,2019,2019,2019,2019,2019,2019,2019,2019,2019,2019,2019,2019,2019,2019,2019,2019,2019,2019,2019,2019,2019,2019,2019,2019,2019,2019,2019,2019,2019,2019,2019,2019,2019,2019,2019,2019,2019,2019,2019,2019,2019,2019,2019,2019,2019,2019,2019,2019,2019,2019,2019,2019,2019,2019,2019,2019,2019,2019,2019,2019,2019,2019,2019,2019,2019,2019,2019,2019,2019,2019,2019,2019,2019,2019,2019,2019,2019,2019,2019,2019,2019,2019,2019,2019,2019,2019,2019,2019,2019,2019,2019,2019,2019,2019,2019,2019,2019,2019,2019,2019,2019,2019,2019,2019,2019,2019,2019,2019,2019,2019,2019,2019,2019,2019,2019,2019,2019,2019,2019,2019,2019,2019,2019,2019,2019,2019,2019,2019,2019,2019,2019,2019,2019,2019,2019,2019,2019,2019,2019,2019,2019,2019,2019,2019,2019,2019,2019,2019,2019,2019,2019,2019,2019,2019,2019,2019,2019,2019,2019,2019,2019,2019,2019,2019,2019,2019,2019,2019,2019,2019,2019,2019,2019,2019,2019,2019,2019,2019,2019,2019,2019,2019,2019,2019,2019,2019,2019,2020,2020,2020,2020,2020,2020,2020,2020,2020,2020,2020,2020,2020,2020,2020,2020,2020,2020,2020,2020,2020,2020,2020,2020,2020,2020,2020,2020,2020,2020,2020,2020,2020,2020,2020,2020,2020,2020,2020,2020,2020,2020,2020,2020,2020,2020,2020,2020,2020,2020,2020,2020,2020,2020,2020,2020,2020,2020,2020,2020,2020,2020,2020,2020,2020,2020,2020,2020,2020,2020,2020,2020,2020,2020,2020,2020,2020,2020,2020,2020,2020,2020,2020,2020,2020,2020,2020,2020,2020,2020,2020,2020,2020,2020,2020,2020,2020,2020,2020,2020,2020,2020,2020,2020,2020,2020,2020,2020,2020,2020,2020,2020,2020,2020,2020,2020,2020,2020,2020,2020,2020,2020,2020,2020,2020,2020,2020,2020,2020,2020,2020,2020,2020,2020,2020,2020,2020,2020
month,延边,05,05,05,05,05,05,05,05,05,05,05,05,05,05,05,05,05,05,05,05,05,05,05,05,05,05,05,05,05,05,05,06,06,06,06,06,06,06,06,06,06,06,06,06,06,07,07,07,07,07,07,07,07,07,07,07,07,07,07,07,07,08,08,08,08,08,08,08,08,08,08,08,08,08,08,08,08,08,08,08,08,08,09,09,09,09,09,09,09,09,09,09,09,09,09,09,09,09,09,09,09,09,09,09,09,09,09,09,09,09,09,09,10,10,10,10,10,10,10,10,10,10,10,10,10,10,10,10,10,10,10,10,10,10,10,10,10,10,10,10,10,10,10,11,11,11,11,11,11,11,11,11,11,11,11,11,11,11,11,11,11,11,11,11,11,11,11,11,11,11,11,11,11,12,12,12,12,12,12,12,12,12,12,12,12,12,12,12,12,12,12,12,12,12,12,12,12,12,12,12,12,12,12,12,01,01,01,01,01,01,01,01,01,01,01,01,01,01,01,01,01,01,01,01,01,01,01,01,01,01,01,01,01,01,01,02,02,02,02,02,02,02,02,02,02,02,02,02,02,02,02,02,02,02,02,02,02,02,02,02,02,02,02,03,03,03,03,03,03,03,03,03,03,03,03,03,03,03,03,03,03,03,03,03,03,03,03,03,03,03,03,03,03,03,04,04,04,04,04,04,04,04,04,04,04,04,04,04,04,04,04,04,04,04,04,04,04,04,04,04,04,04,04,04,05,05,05,05,05,05,05,05,05,05,05,05,05,05,05,05,05,05,05,05,05,05,05,05,05,05,05,05,05,05,05,06,06,06,06,06,06,06,06,06,06,06,06,06,06,06,06,06,06,06,06,06,06,06,06,06,06,06,06,06,06,07,07,07,07,07,07,07,07,07,07,07,07,07,07,07,07,07,07,07,07,07,07,07,07,07,07,07,07,07,07,07,08,08,08,08,08,08,08,08,08,08,08,08,08,08,08,08,08,08,08,08,08,08,08,08,08,08,08,08,08,08,08,09,09,09,09,09,09,09,09,09,09,09,09,09,09,09,09,09,09,09,09,09,09,09,09,09,09,09,09,09,09,10,10,10,10,10,10,10,10,10,10,10,10,10,10,10,10,10,10,10,10,10,10,10,10,10,10,10,10,10,10,10,11,11,11,11,11,11,11,11,11,11,11,11,11,11,11,11,11,11,11,11,11,11,11,11,11,11,11,11,11,11,12,12,12,12,12,12,12,12,12,12,12,12,12,12,12,12,12,12,12,12,12,12,12,12,12,12,12,12,12,12,12,01,01,01,01,01,01,01,01,01,01,01,01,01,01,01,01,01,01,01,01,01,01,01,01,01,01,01,01,01,01,01,02,02,02,02,02,02,02,02,02,02,02,02,02,02,02,02,02,02,02,02,02,02,02,02,02,02,02,02,02,03,03,03,03,03,03,03,03,03,03,03,03,03,03,03,03,03,03,03,03,03,03,03,03,03,03,03,03,03,03,03,04,04,04,04,04,04,04,04,04,04,04,04,04,04,04,04,04,04,04,04,04,04,04,04,04,04,04,04,04,04,05,05,05,05,05,05,05,05,05,05,05,05,05,05,05,05,05
day,延边,01,02,03,04,05,06,07,08,09,10,11,12,13,14,15,16,17,18,19,20,21,22,23,24,25,26,27,28,29,30,31,04,05,06,07,08,09,10,11,16,19,24,25,26,27,01,03,05,07,08,13,14,17,19,21,22,24,25,27,28,30,02,04,05,07,08,11,13,14,16,17,19,21,22,23,24,26,27,28,29,30,31,01,02,03,04,05,06,07,08,09,10,11,12,13,14,15,16,17,18,19,20,21,22,23,24,25,26,27,28,29,30,01,02,03,04,05,06,07,08,09,10,11,12,13,14,15,16,17,18,19,20,21,22,23,24,25,26,27,28,29,30,31,01,02,03,04,05,06,07,08,09,10,11,12,13,14,15,16,17,18,19,20,21,22,23,24,25,26,27,28,29,30,01,02,03,04,05,06,07,08,09,10,11,12,13,14,15,16,17,18,19,20,21,22,23,24,25,26,27,28,29,30,31,01,02,03,04,05,06,07,08,09,10,11,12,13,14,15,16,17,18,19,20,21,22,23,24,25,26,27,28,29,30,31,01,02,03,04,05,06,07,08,09,10,11,12,13,14,15,16,17,18,19,20,21,22,23,24,25,26,27,28,01,02,03,04,05,06,07,08,09,10,11,12,13,14,15,16,17,18,19,20,21,22,23,24,25,26,27,28,29,30,31,01,02,03,04,05,06,07,08,09,10,11,12,13,14,15,16,17,18,19,20,21,22,23,24,25,26,27,28,29,30,01,02,03,04,05,06,07,08,09,10,11,12,13,14,15,16,17,18,19,20,21,22,23,24,25,26,27,28,29,30,31,01,02,03,04,05,06,07,08,09,10,11,12,13,14,15,16,17,18,19,20,21,22,23,24,25,26,27,28,29,30,01,02,03,04,05,06,07,08,09,10,11,12,13,14,15,16,17,18,19,20,21,22,23,24,25,26,27,28,29,30,31,01,02,03,04,05,06,07,08,09,10,11,12,13,14,15,16,17,18,19,20,21,22,23,24,25,26,27,28,29,30,31,01,02,03,04,05,06,07,08,09,10,11,12,13,14,15,16,17,18,19,20,21,22,23,24,25,26,27,28,29,30,01,02,03,04,05,06,07,08,09,10,11,12,13,14,15,16,17,18,19,20,21,22,23,24,25,26,27,28,29,30,31,01,02,03,04,05,06,07,08,09,10,11,12,13,14,15,16,17,18,19,20,21,22,23,24,25,26,27,28,29,30,01,02,03,04,05,06,07,08,09,10,11,12,13,14,15,16,17,18,19,20,21,22,23,24,25,26,27,28,29,30,31,01,02,03,04,05,06,07,08,09,10,11,12,13,14,15,16,17,18,19,20,21,22,23,24,25,26,27,28,29,30,31,01,02,03,04,05,06,07,08,09,10,11,12,13,14,15,16,17,18,19,20,21,22,23,24,25,26,27,28,29,01,02,03,04,05,06,07,08,09,10,11,12,13,14,15,16,17,18,19,20,21,22,23,24,25,26,27,28,29,30,31,01,02,03,04,05,06,07,08,09,10,11,12,13,14,15,16,17,18,19,20,21,22,23,24,25,26,27,28,29,30,01,02,03,04,05,06,07,08,09,10,11,12,13,14,15,16,17
w1,延边,小雨,小雨,小雨,小雨,多云,晴,晴,阵雨,阵雨,多云,多云,多云,晴,多云,多云,小雨,小雨,小雨,晴,多云,晴,小雨,多云,小雨,多云,阵雨,小雨,多云,阵雨,阵雨,阵雨,多云,多云,阵雨,阵雨,阵雨,多云,多云,阵雨,多云,中雨,晴,小雨,多云,雷阵雨,多云,小雨,小雨,多云,多云,多云,大雨,多云,晴,晴,晴,多云,多云,阵雨,晴,晴,晴,多云,阵雨,中雨,小雨,多云,小雨,小雨,晴,多云,晴,小雨,多云,大雨,中雨,多云,多云,多云,中雨,多云,阵雨,晴,多云,中雨,阵雨,阵雨,阵雨,阵雨,多云,晴,晴,多云,多云,多云,晴,小雨,晴,晴,晴,晴,晴,小雨,多云,阵雨,多云,晴,晴,晴,多云,多云,小雨,小雨,晴,晴,晴,晴,多云,晴,晴,多云,中雨,雨夹雪,晴,晴,多云,多云,多云,多云,晴,晴,晴,晴,多云,小雨,晴,多云,小雨,多云,多云,雨夹雪,多云,多云,晴,晴,晴,多云,多云,多云,多云,小雨,小雨,晴,晴,晴,晴,晴,多云,晴,多云,晴,晴,小雪,晴,晴,多云,多云,多云,多云,晴,晴,晴,多云,多云,多云,雨夹雪,晴,晴,小雪,多云,晴,晴,晴,多云,晴,多云,晴,多云,多云,晴,晴,晴,晴,小雪,晴,晴,晴,多云,晴,晴,晴,晴,晴,晴,晴,晴,晴,多云,晴,晴,晴,多云,晴,晴,晴,多云,多云,晴,多云,多云,晴,晴,多云,多云,多云,晴,晴,晴,多云,晴,多云,多云,晴,多云,晴,晴,多云,多云,晴,多云,小雪,晴,多云,晴,晴,多云,晴,晴,多云,小雪,晴,晴,晴,小雪,小雪,晴,晴,晴,晴,晴,晴,多云,晴,晴,晴,晴,小雨,多云,晴,晴,晴,多云,多云,多云,多云,小雪,多云,多云,多云,晴,晴,多云,多云,中到大雪,晴,雨夹雪,多云,多云,晴,多云,晴,晴,多云,小雪,多云,晴,多云,小雨,多云,多云,多云,多云,多云,多云,多云,晴,小雨,小雨,晴,晴,多云,多云,晴,多云,晴,多云,多云,多云,多云,多云,晴,多云,多云,多云,多云,晴,晴,多云,小雨,多云,多云,多云,晴,晴,晴,多云,小雨,多云,多云,小雨,多云,多云,阵雨,多云,多云,多云,晴,晴,晴,多云,大雨,多云,晴,多云,多云,晴,多云,雷阵雨,中雨,小雨,多云,多云,阵雨,小雨,多云,多云,阵雨,多云,阵雨,中雨,多云,晴,多云,雷阵雨,雷阵雨,多云,小雨,多云,晴,多云,晴,多云,阵雨,阵雨,小雨,阵雨,阵雨,阵雨,阵雨,晴,多云,多云,晴,晴,多云,小雨,小雨,小雨,多云,多云,多云,多云,阵雨,多云,多云,中雨,小雨,多云,阵雨,阵雨,阵雨,晴,晴,晴,小雨,多云,多云,多云,阵雨,阵雨,多云,多云,多云,阵雨,多云,多云,中雨,中雨,中雨,小雨,中雨,中雨,阵雨,多云,阵雨,多云,中雨,阵雨,阵雨,阵雨,多云,小雨,小雨,阵雨,阵雨,阵雨,多云,晴,晴,多云,多云,多云,小雨,中雨,多云,晴,多云,晴,多云,多云,多云,多云,晴,晴,晴,晴,多云,晴,多云,晴,晴,晴,晴,多云,晴,多云,晴,晴,晴,多云,小雨,晴,晴,多云,多云,晴,多云,晴,晴,多云,晴,晴,晴,晴,多云,小雨,多云,晴,晴,晴,晴,小雨,多云,晴,多云,多云,晴,晴,晴,晴,晴,晴,晴,多云,晴,晴,多云,多云,多云,多云,大雪,晴,晴,晴,雨夹雪,多云,多云,晴,晴,多云,雨夹雪,中雪,晴,晴,晴,晴,晴,多云,晴,晴,晴,晴,晴,晴,晴,多云,多云,多云,小雪,晴,小雪,晴,晴,多云,多云,晴,晴,晴,多云,晴,晴,多云,小雪,多云,晴,多云,多云,多云,晴,晴,晴,晴,多云,晴,多云,多云,小雪,多云,晴,晴,晴,多云,晴,晴,晴,晴,晴,小雪,多云,晴,多云,多云,晴,晴,晴,多云,多云,多云,多云,晴,晴,多云,晴,多云,多云,晴,多云,晴,多云,晴,晴,多云,多云,多云,中雪,大雪,多云,晴,晴,晴,雨夹雪,多云,晴,多云,多云,晴,晴,雨夹雪,多云,小雪,小雪,小雪,大雪,晴,多云,雨夹雪,多云,小雨,中到大雪,晴,多云,晴,多云,雨夹雪,晴,多云,多云,雨夹雪,多云,多云,多云,晴,晴,多云,多云,晴,晴,晴,晴,多云,晴,晴,多云,多云,晴,晴,多云,雨夹雪,晴,晴,多云,晴,晴,晴,多云,多云,多云,多云,多云,小雨,多云,多云,多云,多云,小雨,多云,多云,小雨,小雨,小雨,晴,多云,多云,多云,多云,晴,多云,多云,多云,小雨,多云,小雨,晴,多云,多云,多云,小雨
w2,延边,小雨,小雨,小雨,多云,多云,晴,多云,阵雨,晴,多云,多云,多云,晴,多云,多云,小雨,小雨,多云,晴,多云,晴,小到中雨,多云,晴,多云,小雨,多云,阵雨,多云,多云,晴,多云,多云,阵雨,阵雨,阵雨,多云,多云,多云,小雨,阵雨,多云,多云,小雨,雷阵雨,小雨,小雨,多云,多云,阵雨,小雨,小雨,晴,晴,晴,晴,多云,多云,多云,晴,晴,晴,中雨,多云,中雨,小雨,晴,中雨,大雨,晴,多云,多云,多云,多云,大雨,中雨,多云,多云,小雨,小雨,多云,多云,晴,小雨,小雨,阵雨,多云,阵雨,多云,晴,晴,晴,多云,多云,多云,晴,多云,晴,晴,晴,晴,多云,小雨,多云,多云,多云,晴,晴,晴,多云,多云,中雨,多云,晴,晴,晴,晴,多云,晴,晴,小雨,雨夹雪,多云,晴,多云,多云,晴,多云,晴,晴,晴,晴,晴,多云,晴,晴,多云,多云,多云,多云,多云,多云,晴,晴,晴,晴,雨夹雪,多云,多云,多云,中雨,多云,晴,晴,晴,晴,多云,多云,晴,多云,晴,多云,多云,晴,晴,多云,多云,晴,多云,晴,晴,多云,晴,晴,多云,多云,晴,多云,多云,晴,晴,晴,晴,多云,多云,多云,晴,多云,多云,晴,晴,晴,多云,多云,晴,晴,多云,多云,晴,晴,晴,晴,晴,晴,晴,晴,多云,晴,晴,晴,晴,晴,晴,晴,晴,多云,多云,多云,多云,晴,晴,晴,多云,多云,晴,多云,晴,多云,晴,晴,晴,多云,晴,晴,晴,晴,小雪,多云,多云,多云,晴,晴,多云,晴,晴,晴,晴,晴,多云,多云,晴,晴,多云,小雪,晴,晴,晴,多云,晴,晴,晴,多云,晴,晴,多云,多云,小雪,多云,晴,晴,多云,多云,多云,多云,多云,多云,多云,晴,晴,晴,晴,多云,雨夹雪,小雪,多云,晴,晴,多云,多云,晴,晴,晴,多云,多云,多云,晴,多云,多云,晴,晴,多云,晴,多云,晴,晴,晴,多云,晴,晴,晴,多云,晴,晴,多云,晴,多云,多云,多云,多云,晴,晴,多云,小雨,多云,多云,晴,晴,多云,多云,多云,多云,晴,晴,晴,晴,多云,小雨,多云,小雨,多云,多云,多云,中雨,多云,多云,多云,晴,晴,晴,小雨,小雨,多云,晴,多云,多云,晴,多云,雷阵雨,阵雨,多云,多云,多云,小雨,多云,多云,多云,多云,阵雨,阵雨,小雨,多云,多云,晴,雷阵雨,多云,多云,多云,多云,多云,多云,晴,多云,阵雨,小雨,小雨,小雨,多云,阵雨,晴,晴,多云,晴,晴,晴,多云,小雨,小雨,多云,多云,多云,多云,多云,多云,多云,小雨,大雨,多云,多云,多云,阵雨,多云,晴,多云,多云,多云,多云,多云,多云,多云,多云,多云,多云,中雨,小雨,多云,多云,中雨,小雨,多云,小雨,暴雨,多云,多云,阵雨,多云,阵雨,小雨,阵雨,多云,多云,多云,小雨,小雨,多云,阵雨,多云,晴,晴,晴,多云,多云,小雨,小雨,中雨,多云,晴,多云,晴,多云,小雨,晴,多云,晴,小雨,晴,晴,多云,晴,多云,晴,晴,晴,多云,多云,晴,晴,晴,晴,多云,多云,小雨,晴,晴,小雨,晴,晴,多云,晴,晴,雨夹雪,晴,晴,晴,多云,小雨,多云,小雨,晴,晴,晴,多云,雨夹雪,晴,晴,小雨,晴,晴,晴,晴,晴,晴,晴,晴,多云,晴,晴,多云,多云,晴,雨夹雪,小雪,小雪,晴,晴,大到暴雪,多云,晴,晴,晴,多云,中雪,多云,晴,晴,晴,晴,晴,多云,多云,晴,晴,晴,晴,多云,晴,多云,小雪,小雪,多云,晴,多云,晴,晴,小雪,多云,晴,晴,晴,晴,晴,晴,小雪,多云,晴,晴,多云,小雪,多云,晴,晴,晴,多云,晴,多云,多云,中雪,多云,多云,晴,晴,晴,晴,晴,晴,晴,多云,小雪,多云,晴,多云,多云,晴,晴,晴,晴,多云,多云,多云,晴,晴,晴,多云,多云,多云,晴,多云,多云,晴,小雪,晴,晴,多云,多云,多云,大到暴雪,中雪,多云,晴,晴,晴,小雪,多云,晴,多云,多云,晴,晴,小雪,多云,大雪,多云,大到暴雪,多云,晴,多云,多云,多云,中雪,小雪,多云,多云,晴,多云,多云,多云,晴,雨夹雪,多云,晴,多云,多云,晴,晴,多云,雨夹雪,晴,晴,多云,多云,雨夹雪,晴,晴,雨夹雪,晴,晴,多云,多云,多云,晴,晴,晴,晴,晴,晴,多云,多云,多云,多云,小雨,多云,多云,多云,多云,小雨,多云,多云,多云,多云,小雨,多云,晴,多云,小雨,多云,晴,晴,多云,多云,小雨,小雨,小雨,多云,晴,多云,小雨,多云,小雨
tH,延边,15,9,9,13,21,22,20,14,17,25,26,22,27,30,30,29,22,12,24,27,28,24,21,27,22,20,13,22,17,19,28,28,29,28,25,23,21,18,18,18,22,28,22,23,24,27,28,19,19,19,32,24,33,33,34,35,35,34,29,31,35,34,37,26,22,23,29,26,24,24,25,28,24,26,22,20,25,26,24,24,25,23,25,24,20,23,21,25,20,20,18,21,23,23,25,26,25,22,23,24,25,23,21,20,18,17,17,20,21,20,21,18,15,20,21,23,21,18,16,16,15,9,9,16,18,17,15,12,10,13,16,17,19,17,14,16,16,14,6,6,5,6,10,13,16,16,12,7,8,9,7,6,8,7,8,6,7,5,1,4,5,3,0,-2,-4,-2,2,4,8,4,-1,-1,0,2,5,2,-3,-5,-7,-10,-12,-8,-7,-7,-7,-7,-6,-1,1,-1,-1,1,3,-1,3,-3,-4,-2,-13,-14,-12,-12,-8,-7,-8,-8,-3,-4,-7,-5,-5,-8,-1,0,0,2,0,-3,-6,-5,-10,-4,-4,-7,-3,2,-4,-3,-6,-2,2,-3,-1,-1,-7,0,2,1,-7,-6,-8,-12,-10,-8,-5,-6,-6,-6,-2,-3,-1,2,5,2,2,7,7,8,8,5,5,7,9,9,12,13,13,9,8,7,12,11,9,8,3,1,6,6,7,9,17,18,17,3,1,3,10,12,5,5,7,7,4,4,5,7,11,11,8,12,12,11,13,13,14,18,16,11,20,24,25,11,15,19,18,19,23,15,13,13,19,19,20,14,16,18,24,28,21,15,20,25,24,27,28,22,19,22,25,23,27,28,23,19,18,17,25,30,35,32,17,20,23,26,21,25,28,24,21,24,28,26,24,20,21,24,25,28,24,16,19,24,26,27,24,23,24,25,27,29,31,30,26,20,18,21,24,25,26,26,22,25,28,27,22,19,23,26,23,21,23,29,28,31,29,23,28,31,29,29,28,32,33,32,29,33,31,31,28,29,32,32,31,28,27,27,24,21,22,24,21,22,26,27,25,26,21,25,24,23,24,25,23,22,23,23,24,26,27,28,27,24,24,23,27,27,23,21,22,22,22,23,22,21,16,20,22,21,20,23,22,23,27,28,27,26,27,28,26,22,13,14,17,20,11,21,22,18,15,13,9,13,16,16,15,15,20,17,19,20,17,14,8,13,16,9,16,16,9,15,7,9,8,7,1,8,7,9,9,8,3,-5,1,2,3,-3,-7,-2,5,8,8,-2,-6,0,-4,-5,-3,-4,-2,-6,-9,-10,-11,-6,-6,-1,2,1,0,-4,1,-3,1,2,1,-6,-6,-7,-2,-5,-5,-7,-5,-8,-8,-2,-2,-8,-12,-7,-3,-3,-2,-1,-2,-2,-2,-4,-2,-4,-5,-5,-8,-7,-6,-6,-4,-3,-6,-1,0,1,-5,-4,-2,-2,-1,0,-3,-2,-2,-3,-6,-9,-13,-8,-4,-5,-4,-1,5,9,9,3,-3,-9,-8,-3,2,2,3,-1,4,5,2,3,3,3,1,0,0,1,-2,0,5,6,10,5,2,2,3,0,5,1,6,4,13,5,8,10,8,9,11,12,15,6,6,13,16,18,11,16,16,4,9,14,8,6,10,14,15,13,19,23,17,13,14,16,15,9,5,5,9,12,10,11,13,13,15,15,26,30,24,16,19,20,22,21,20,23,21,15,19,28,25,19,19
tL,延边,4,4,4,2,6,5,4,3,5,12,11,9,12,16,16,15,9,5,9,11,8,8,9,12,11,11,9,11,11,11,13,14,15,16,15,12,12,10,10,12,15,15,15,15,16,18,18,12,13,14,22,20,20,22,22,23,23,24,22,22,22,20,22,18,18,18,18,21,20,12,15,17,17,17,17,17,15,16,18,17,16,13,13,15,17,15,16,15,9,6,5,8,12,12,13,15,8,8,7,9,8,13,10,5,6,5,4,5,5,8,10,9,5,7,6,7,8,5,2,0,5,2,1,1,3,2,0,-2,-2,-2,0,0,2,5,2,2,6,2,-1,-4,-3,0,0,-2,1,2,1,-4,-6,-3,1,-2,-3,-4,-5,-7,-6,-6,-9,-7,-7,-8,-10,-12,-14,-10,-5,-6,-5,-8,-11,-12,-9,-10,-10,-7,-14,-14,-17,-17,-16,-17,-18,-18,-15,-15,-15,-15,-11,-12,-9,-11,-9,-9,-10,-10,-12,-17,-19,-19,-19,-18,-18,-17,-16,-15,-14,-14,-17,-16,-15,-17,-13,-13,-13,-13,-13,-12,-16,-14,-18,-19,-16,-12,-14,-10,-13,-13,-13,-13,-11,-11,-13,-17,-15,-14,-12,-14,-15,-14,-18,-20,-19,-17,-16,-18,-18,-18,-12,-12,-11,-8,-6,-4,-7,-6,-5,-5,-6,-7,-10,-7,-5,-6,-4,-6,-3,-2,-7,-6,-4,-6,-4,-5,-7,-6,-5,-9,-6,-5,1,0,1,-7,-9,-7,-3,-4,-3,-6,-7,-5,-4,-5,-5,-5,1,1,-1,-1,0,-2,-1,-2,-2,2,2,-1,4,4,8,0,-3,4,-1,5,8,2,3,1,1,6,7,5,4,2,6,9,3,4,6,7,6,8,7,8,9,7,10,9,11,12,12,8,9,7,9,11,14,14,8,11,11,11,10,10,12,14,13,12,14,13,12,11,9,11,13,16,14,12,8,11,12,15,11,12,12,15,15,16,17,15,16,13,13,13,15,17,16,16,15,13,15,14,13,14,16,16,16,17,17,18,19,20,20,19,20,21,21,20,21,21,22,22,22,22,20,21,21,20,22,22,22,20,20,20,20,18,19,19,18,17,17,17,16,18,16,15,16,15,16,17,17,17,16,15,12,13,14,17,17,17,18,20,17,14,10,8,11,15,8,10,5,8,7,5,8,5,6,9,5,7,10,11,10,9,11,11,12,7,2,-1,3,7,3,5,6,0,0,-1,-4,-1,-2,2,7,4,3,2,2,2,6,1,-3,-1,3,-2,2,1,-2,-5,-5,-5,-4,-4,-5,-5,-4,-2,-4,-2,-10,-10,-9,-10,-6,-11,-13,-10,-6,-3,-2,-14,-14,-10,-14,-16,-13,-13,-12,-13,-16,-17,-18,-16,-15,-11,-10,-7,-13,-14,-10,-13,-12,-19,-14,-17,-15,-15,-15,-17,-17,-16,-14,-18,-17,-14,-11,-19,-18,-16,-13,-12,-13,-11,-10,-7,-9,-15,-14,-16,-17,-16,-20,-20,-18,-17,-14,-14,-15,-12,-12,-12,-18,-16,-14,-15,-10,-15,-16,-16,-15,-16,-19,-20,-22,-19,-19,-20,-13,-14,-12,-6,-5,-7,-10,-14,-15,-13,-15,-11,-7,-9,-8,-8,-8,-9,-11,-7,-9,-7,-12,-9,-7,-15,-5,-5,-2,-2,-5,-9,-9,-8,-5,-9,-5,-4,-1,-1,-3,-3,-4,-6,-3,0,-1,-4,-5,-3,-2,2,-2,-2,-2,-2,-3,-1,-2,-1,-3,0,-2,-1,2,3,0,4,5,3,4,-2,-1,-1,-2,0,-1,-2,1,2,6,5,10,12,6,3,4,3,8,9,10,10,10,5,5,10,10,8,7
wd1,延边,东,东,东,西,西,西,西,东,东,西,西,东,西,东,东,东,东,东,西,西,东,东,西,西,西,东,none,东,东,西,西,东,东,东,东,西,东,东,东,东,西,西,东,东,东,东,东,东,东,东,西,西,西,西,西,西,西,东,西,东,东,东,西,西,东,东,东,东,西,东,东,西,东,西,东,东,西,西,东,东,西,西,东,东,东,东,西,西,西,西,东,东,东,东,东,东,东,西,西,西,西,西,东,西,东,西,西,东,东,东,东,东,西,西,西,东,东,东,西,西,西,西,西,西,东,东,西,西,西,西,西,西,西,东,东,西,东,东,西,西,西,西,西,西,西,西,西,西,西,东,东,西,西,西,西,西,西,东,西,西,西,西,东,西,西,西,东,西,东,西,西,西,东,西,东,东,西,西,西,西,西,西,西,西,西,西,西,东,西,西,西,西,西,东,西,西,西,西,西,西,西,西,西,西,西,西,西,西,西,西,西,西,西,西,东,东,西,东,西,西,西,西,西,西,西,西,西,西,西,西,西,西,东,西,西,西,东,西,西,东,东,西,西,西,西,西,西,西,西,西,西,西,东,东,西,西,西,西,西,西,西,东,西,西,东,西,南,东,西,西,东,西,东,西,西,西,西,西,西,东,东,东,东,东,西,西,东,西,西,西,西,东,东,西,西,西,西,东,西,西,西,西,西,东,西,西,西,西,西,西,东,西,西,东,西,东,西,西,东,东,西,东,东,东,西,西,西,西,西,西,西,西,西,东,东,东,东,东,东,东,东,东,东,西,西,西,西,东,西,西,东,西,西,西,西,东,东,西,东,东,西,东,东,东,东,东,东,东,东,东,东,西,西,西,西,东,西,西,东,东,东,东,东,东,东,西,西,东,东,东,东,东,东,东,东,东,西,东,东,东,东,东,西,西,东,东,西,西,东,东,东,西,东,西,东,东,西,西,西,西,西,东,东,西,西,东,东,东,东,东,东,西,西,西,西,东,东,西,西,西,西,东,东,东,东,西,西,西,西,东,东,东,东,东,西,西,西,西,东,东,西,东,西,东,西,西,东,西,东,西,西,西,东,东,东,西,东,西,东,东,西,西,东,东,西,西,东,西,东,东,西,西,西,东,东,西,东,西,东,西,东,东,西,西,东,西,东,西,西,西,西,西,西,东,西,西,西,东,西,东,西,西,西,西,东,西,西,西,东,东,东,西,西,东,西,西,西,东,西,西,西,西,西,东,西,东,东,东,西,西,东,西,东,东,西,西,西,西,西,西,西,东,西,西,西,东,东,西,西,西,西,西,西,西,东,东,西,西,西,西,西,西,西,西,西,西,东,西,西,东,西,西,西,西,西,东,东,西,东,西,西,西,西,西,西,西,西,西,东,西,东,西,东,西,东,东,西,西,西,西,东,西,西,西,东,西,西,东,西,西,西,东,东,西,东,东,东,东,东,西,西,西,西,西,西,西,东,西,西,西,西,西,东,东,西,西,西,东,东,东,西,西,东,西,西,西,西,西,西,西,西,西,西,西,东,东,东,东,东,东,西,西,西,东,西,西,西,西,东,东,东,西,东,西,西,西,东,西,东,西,西,西,西,东,东,东,东
w1w,延边,1,1,3,3,1,1,3,1,1,1,1,1,1,1,1,1,1,1,1,1,1,1,3,1,1,1,1,1,1,1,3,1,1,1,1,1,1,1,1,1,1,1,1,1,1,1,1,1,3,1,1,1,1,1,1,1,1,1,1,1,1,1,1,1,1,1,1,1,1,1,1,1,1,1,1,3,1,1,1,1,3,3,1,1,1,1,1,1,3,4,1,1,1,1,1,1,1,1,3,1,1,1,1,1,1,4,1,1,1,1,1,1,4,3,1,1,1,1,1,3,1,1,4,3,1,1,1,3,3,1,1,1,1,1,1,1,1,1,4,3,1,3,4,1,1,1,1,1,1,1,1,4,4,1,1,1,1,1,3,1,1,1,1,1,3,1,1,1,1,4,3,1,1,1,3,1,3,3,1,1,4,3,1,1,1,3,1,1,1,3,3,3,1,1,1,3,3,3,4,5,4,4,3,3,3,3,1,3,3,1,1,4,4,1,1,1,1,1,4,3,4,1,1,3,1,3,4,3,4,3,3,4,1,3,3,1,1,3,3,1,1,1,3,3,1,1,1,1,1,3,3,3,1,1,3,1,1,1,3,1,1,1,3,3,1,1,1,1,3,1,1,3,1,1,3,4,1,1,1,1,3,3,1,1,3,3,1,1,4,1,3,1,1,1,3,3,1,1,5,3,3,3,1,1,1,1,1,1,1,3,1,5,3,1,1,1,1,1,1,1,1,1,1,1,4,3,1,1,1,3,3,1,1,1,1,1,1,1,1,1,1,1,3,3,3,3,1,1,1,1,1,4,4,3,3,1,1,1,1,1,1,1,1,1,1,1,1,1,1,1,1,1,1,1,1,1,1,1,1,1,1,1,1,1,1,1,1,1,1,1,1,1,1,1,1,1,1,1,1,1,1,1,1,1,1,1,3,1,1,1,1,1,1,1,1,1,1,1,1,1,1,1,1,1,1,1,1,1,1,1,3,1,1,1,1,1,1,1,1,1,1,1,1,1,1,1,3,1,1,1,1,1,1,1,4,1,3,1,1,1,1,1,3,1,5,3,1,1,1,3,1,1,1,1,1,1,1,1,1,1,1,1,1,1,4,1,1,1,1,1,1,1,1,1,1,1,1,1,1,1,1,1,1,1,1,4,1,4,1,3,1,1,4,1,4,3,1,1,4,1,4,1,3,3,1,5,4,3,3,1,1,3,3,1,3,1,1,1,3,4,1,4,4,1,1,1,1,1,4,4,1,3,1,1,4,3,1,1,1,1,1,1,1,1,1,1,1,1,4,3,1,3,3,1,1,1,3,3,1,3,1,1,1,1,1,1,1,3,3,1,1,3,3,1,1,1,1,1,1,1,3,1,3,3,4,1,3,3,1,1,1,1,1,1,1,1,4,1,1,1,1,4,3,1,1,1,1,1,1,1,1,1,1,3,1,1,1,1,1,3,4,3,3,3,3,1,1,4,3,1,3,3,1,1,1,4,3,1,1,1,3,3,1,5,4,1,3,3,3,3,3,1,1,1,1,1,1,1,1,1,3,4,3,1,3,1,3,1,1,1,1,1,1,3,1,1,1,1,1,3,3,3,3,1,1,1,1
w1s,延边,2,2,4,4,2,2,4,2,2,2,2,2,2,2,2,2,2,2,2,2,2,2,4,2,2,2,2,2,2,2,4,2,2,2,2,2,2,2,2,2,2,2,2,2,2,2,2,2,4,2,2,2,2,2,2,2,2,2,2,2,2,2,2,2,2,2,2,2,2,2,2,2,2,2,2,4,2,2,2,2,4,4,2,2,2,2,2,2,4,5,2,2,2,2,2,2,2,2,4,2,2,2,2,2,2,5,2,2,2,2,2,2,5,4,2,2,2,2,2,4,2,2,5,4,2,2,2,4,4,2,2,2,2,2,2,2,2,2,5,4,2,4,5,2,2,2,2,2,2,2,2,5,5,2,2,2,2,2,4,2,2,2,2,2,4,2,2,2,2,5,4,2,2,2,4,2,4,4,2,2,5,4,2,2,2,4,2,2,2,4,4,4,2,2,2,4,4,4,5,6,5,5,4,4,4,4,2,4,4,2,2,5,5,2,2,2,2,2,5,4,5,2,2,4,2,4,5,4,5,4,4,5,2,4,4,2,2,4,4,2,2,2,4,4,2,2,2,2,2,4,4,4,2,2,4,2,2,2,4,2,2,2,4,4,2,2,2,2,4,2,2,4,2,2,4,5,2,2,2,2,4,4,2,2,4,4,2,2,5,2,4,2,2,2,4,4,2,2,6,4,4,4,2,2,2,2,2,2,2,4,2,6,4,2,2,2,2,2,2,2,2,2,2,2,5,4,2,2,2,4,4,2,2,2,2,2,2,2,2,2,2,2,4,4,4,4,2,2,2,2,2,5,5,4,4,2,2,2,2,2,2,2,2,2,2,2,2,2,2,2,2,2,2,2,2,2,2,2,2,2,2,2,2,2,2,2,2,2,2,2,2,2,2,2,2,2,2,2,2,2,2,2,2,2,2,2,4,2,2,2,2,2,2,2,2,2,2,2,2,2,2,2,2,2,2,2,2,2,2,2,4,2,2,2,2,2,2,2,2,2,2,2,2,2,2,2,4,2,2,2,2,2,2,2,5,2,4,2,2,2,2,2,4,2,6,4,2,2,2,4,2,2,2,2,2,2,2,2,2,2,2,2,2,2,5,2,2,2,2,2,2,2,2,2,2,2,2,2,2,2,2,2,2,2,2,5,2,5,2,4,2,2,5,2,5,4,2,2,5,2,5,2,4,4,2,6,5,4,4,2,2,4,4,2,4,2,2,2,4,5,2,5,5,2,2,2,2,2,5,5,2,4,2,2,5,4,2,2,2,2,2,2,2,2,2,2,2,2,5,4,2,4,4,2,2,2,4,4,2,4,2,2,2,2,2,2,2,4,4,2,2,4,4,2,2,2,2,2,2,2,4,2,4,4,5,2,4,4,2,2,2,2,2,2,2,2,5,2,2,2,2,5,4,2,2,2,2,2,2,2,2,2,2,4,2,2,2,2,2,4,5,4,4,4,4,2,2,5,4,2,4,4,2,2,2,5,4,2,2,2,4,4,2,6,5,2,4,4,4,4,4,2,2,2,2,2,2,2,2,2,4,5,4,2,4,2,4,2,2,2,2,2,2,4,2,2,2,2,2,4,4,4,4,2,2,2,2
wd2,延边,东,东,东,西,西,西,西,东,东,西,西,东,西,东,东,东,东,东,西,西,东,东,西,西,西,东,none,东,东,西,西,东,东,东,东,西,东,东,东,东,西,西,东,东,东,东,东,东,东,东,西,西,西,西,西,西,西,东,西,东,东,东,西,西,东,东,东,东,西,东,东,西,东,西,东,东,西,西,东,东,西,西,东,东,东,东,西,西,西,西,东,东,东,东,东,东,东,西,西,西,西,西,东,西,东,西,西,东,东,东,东,东,西,西,西,东,东,东,西,西,西,西,西,西,东,东,西,西,西,西,西,西,西,东,东,西,东,东,西,西,西,西,西,西,西,西,西,西,西,东,东,西,西,西,西,西,西,东,西,西,西,西,东,西,西,西,东,西,东,西,西,西,东,西,东,东,西,西,西,西,西,西,西,西,西,西,西,东,西,西,西,西,西,东,西,西,西,西,西,西,西,西,西,西,西,西,西,西,西,西,西,西,西,西,东,东,西,东,西,西,西,西,西,西,西,西,西,西,西,西,西,西,东,西,西,西,东,西,西,东,东,西,西,西,西,西,西,西,西,西,西,西,东,东,西,西,西,西,西,西,西,东,西,西,东,西,南,东,西,西,东,西,东,西,西,西,西,西,西,东,东,东,东,东,西,西,东,西,西,西,西,东,东,西,西,西,西,东,西,西,西,西,西,东,西,西,西,西,西,西,东,西,西,东,西,东,西,西,东,东,西,东,东,东,西,西,西,西,西,西,西,西,西,东,东,东,东,东,东,东,东,东,东,西,西,西,西,东,西,西,东,西,西,西,西,东,东,西,东,东,西,东,东,东,东,东,东,东,东,东,东,西,西,西,西,东,西,西,东,东,东,东,东,东,东,西,西,东,东,东,东,东,东,东,东,东,西,东,东,东,东,东,西,西,东,东,西,西,东,东,东,西,东,西,东,东,西,西,西,西,西,东,东,西,西,东,东,东,东,东,东,西,西,西,西,东,东,西,西,西,西,东,东,东,东,西,西,西,西,东,东,东,东,东,西,西,西,西,东,东,西,东,西,东,西,西,东,西,东,西,西,西,东,东,东,西,东,西,东,东,西,西,东,东,西,西,东,西,东,东,西,西,西,东,东,西,东,西,东,西,东,东,西,西,东,西,东,西,西,西,西,西,西,东,西,西,西,东,西,东,西,西,西,西,东,西,西,西,东,东,东,西,西,东,西,西,西,东,西,西,西,西,西,东,西,东,东,东,西,西,东,西,东,东,西,西,西,西,西,西,西,东,西,西,西,东,东,西,西,西,西,西,西,西,东,东,西,西,西,西,西,西,西,西,西,西,东,西,西,东,西,西,西,西,西,东,东,西,东,西,西,西,西,西,西,西,西,西,东,西,东,西,东,西,东,东,西,西,西,西,东,西,西,西,东,西,西,东,西,西,西,东,东,西,东,东,东,东,东,西,西,西,西,西,西,西,东,西,西,西,西,西,东,东,西,西,西,东,东,东,西,西,东,西,西,西,西,西,西,西,西,西,西,西,东,东,东,东,东,东,西,西,西,东,西,西,西,西,东,东,东,西,东,西,西,西,东,西,东,西,西,西,西,东,东,东,东
w2w,延边,1,1,3,3,1,1,3,1,1,1,1,1,1,1,1,1,1,1,1,1,1,1,3,1,1,1,1,1,1,1,3,1,1,1,1,1,1,1,1,1,1,1,1,1,1,1,1,1,3,1,1,1,1,1,1,1,1,1,1,1,1,1,1,1,1,1,1,1,1,1,1,1,1,1,1,3,1,1,1,1,3,3,1,1,1,1,1,1,3,4,1,1,1,1,1,1,1,1,3,1,1,1,1,1,1,4,1,1,1,1,1,1,4,3,1,1,1,1,1,3,1,1,4,3,1,1,1,3,3,1,1,1,1,1,1,1,1,1,4,3,1,3,4,1,1,1,1,1,1,1,1,4,4,1,1,1,1,1,3,1,1,1,1,1,3,1,1,1,1,4,3,1,1,1,3,1,3,3,1,1,4,3,1,1,1,3,1,1,1,3,3,3,1,1,1,3,3,3,4,5,4,4,3,3,3,3,1,3,3,1,1,4,4,1,1,1,1,1,4,3,4,1,1,3,1,3,4,3,4,3,3,4,1,3,3,1,1,3,3,1,1,1,3,3,1,1,1,1,1,3,3,3,1,1,3,1,1,1,3,1,1,1,3,3,1,1,1,1,3,1,1,3,1,1,3,4,1,1,1,1,3,3,1,1,3,3,1,1,4,1,3,1,1,1,3,3,1,1,5,3,3,3,1,1,1,1,1,1,1,3,1,5,3,1,1,1,1,1,1,1,1,1,1,1,4,3,1,1,1,3,3,1,1,1,1,1,1,1,1,1,1,1,3,3,3,3,1,1,1,1,1,4,4,3,3,1,1,1,1,1,1,1,1,1,1,1,1,1,1,1,1,1,1,1,1,1,1,1,1,1,1,1,1,1,1,1,1,1,1,1,1,1,1,1,1,1,1,1,1,1,1,1,1,1,1,1,3,1,1,1,1,1,1,1,1,1,1,1,1,1,1,1,1,1,1,1,1,1,1,1,3,1,1,1,1,1,1,1,1,1,1,1,1,1,1,1,3,1,1,1,1,1,1,1,4,1,3,1,1,1,1,1,3,1,5,3,1,1,1,3,1,1,1,1,1,1,1,1,1,1,1,1,1,1,4,1,1,1,1,1,1,1,1,1,1,1,1,1,1,1,1,1,1,1,1,4,1,4,1,3,1,1,4,1,4,3,1,1,4,1,4,1,3,3,1,5,4,3,3,1,1,3,3,1,3,1,1,1,3,4,1,4,4,1,1,1,1,1,4,4,1,3,1,1,4,3,1,1,1,1,1,1,1,1,1,1,1,1,4,3,1,3,3,1,1,1,3,3,1,3,1,1,1,1,1,1,1,3,3,1,1,3,3,1,1,1,1,1,1,1,3,1,3,3,4,1,3,3,1,1,1,1,1,1,1,1,4,1,1,1,1,4,3,1,1,1,1,1,1,1,1,1,1,3,1,1,1,1,1,3,4,3,3,3,3,1,1,4,3,1,3,3,1,1,1,4,3,1,1,1,3,3,1,5,4,1,3,3,3,3,3,1,1,1,1,1,1,1,1,1,3,4,3,1,3,1,3,1,1,1,1,1,1,3,1,1,1,1,1,3,3,3,3,1,1,1,1
w2s,延边,2,2,4,4,2,2,4,2,2,2,2,2,2,2,2,2,2,2,2,2,2,2,4,2,2,2,2,2,2,2,4,2,2,2,2,2,2,2,2,2,2,2,2,2,2,2,2,2,4,2,2,2,2,2,2,2,2,2,2,2,2,2,2,2,2,2,2,2,2,2,2,2,2,2,2,4,2,2,2,2,4,4,2,2,2,2,2,2,4,5,2,2,2,2,2,2,2,2,4,2,2,2,2,2,2,5,2,2,2,2,2,2,5,4,2,2,2,2,2,4,2,2,5,4,2,2,2,4,4,2,2,2,2,2,2,2,2,2,5,4,2,4,5,2,2,2,2,2,2,2,2,5,5,2,2,2,2,2,4,2,2,2,2,2,4,2,2,2,2,5,4,2,2,2,4,2,4,4,2,2,5,4,2,2,2,4,2,2,2,4,4,4,2,2,2,4,4,4,5,6,5,5,4,4,4,4,2,4,4,2,2,5,5,2,2,2,2,2,5,4,5,2,2,4,2,4,5,4,5,4,4,5,2,4,4,2,2,4,4,2,2,2,4,4,2,2,2,2,2,4,4,4,2,2,4,2,2,2,4,2,2,2,4,4,2,2,2,2,4,2,2,4,2,2,4,5,2,2,2,2,4,4,2,2,4,4,2,2,5,2,4,2,2,2,4,4,2,2,6,4,4,4,2,2,2,2,2,2,2,4,2,6,4,2,2,2,2,2,2,2,2,2,2,2,5,4,2,2,2,4,4,2,2,2,2,2,2,2,2,2,2,2,4,4,4,4,2,2,2,2,2,5,5,4,4,2,2,2,2,2,2,2,2,2,2,2,2,2,2,2,2,2,2,2,2,2,2,2,2,2,2,2,2,2,2,2,2,2,2,2,2,2,2,2,2,2,2,2,2,2,2,2,2,2,2,2,4,2,2,2,2,2,2,2,2,2,2,2,2,2,2,2,2,2,2,2,2,2,2,2,4,2,2,2,2,2,2,2,2,2,2,2,2,2,2,2,4,2,2,2,2,2,2,2,5,2,4,2,2,2,2,2,4,2,6,4,2,2,2,4,2,2,2,2,2,2,2,2,2,2,2,2,2,2,5,2,2,2,2,2,2,2,2,2,2,2,2,2,2,2,2,2,2,2,2,5,2,5,2,4,2,2,5,2,5,4,2,2,5,2,5,2,4,4,2,6,5,4,4,2,2,4,4,2,4,2,2,2,4,5,2,5,5,2,2,2,2,2,5,5,2,4,2,2,5,4,2,2,2,2,2,2,2,2,2,2,2,2,5,4,2,4,4,2,2,2,4,4,2,4,2,2,2,2,2,2,2,4,4,2,2,4,4,2,2,2,2,2,2,2,4,2,4,4,5,2,4,4,2,2,2,2,2,2,2,2,5,2,2,2,2,5,4,2,2,2,2,2,2,2,2,2,2,4,2,2,2,2,2,4,5,4,4,4,4,2,2,5,4,2,4,4,2,2,2,5,4,2,2,2,4,4,2,6,5,2,4,4,4,4,4,2,2,2,2,2,2,2,2,2,4,5,4,2,4,2,4,2,2,2,2,2,2,4,2,2,2,2,2,4,4,4,4,2,2,2,2
